1200 MHz, 3105 MHz, 8001 MHz, 19 %, 13.20 W, P5, 56
1200 MHz, 3105 MHz, 7001 MHz, 19 %, 12.69 W, P3, 56
750 MHz, 3105 MHz, 810 MHz, 20 %, 12.12 W, P5, 56
1095 MHz, 3105 MHz, 8001 MHz, 20 %, 12.38 W, P0, 56
705 MHz, 3105 MHz, 810 MHz, 20 %, 13.30 W, P5, 56
1125 MHz, 3105 MHz, 8001 MHz, 19 %, 12.45 W, P0, 56
2535 MHz, 3105 MHz, 8001 MHz, 100 %, 20.02 W, P0, 59
2535 MHz, 3105 MHz, 8001 MHz, 19 %, 24.21 W, P0, 58
2535 MHz, 3105 MHz, 8001 MHz, 87 %, 40.89 W, P0, 62
2535 MHz, 3105 MHz, 8001 MHz, 83 %, 54.38 W, P0, 63
2535 MHz, 3105 MHz, 8001 MHz, 81 %, 53.77 W, P0, 63
2535 MHz, 3105 MHz, 8001 MHz, 83 %, 52.85 W, P0, 63
2535 MHz, 3105 MHz, 8001 MHz, 83 %, 54.58 W, P0, 64
2535 MHz, 3105 MHz, 8001 MHz, 81 %, 54.80 W, P0, 64
2535 MHz, 3105 MHz, 8001 MHz, 80 %, 51.74 W, P0, 64
2535 MHz, 3105 MHz, 8001 MHz, 84 %, 49.92 W, P0, 64
2535 MHz, 3105 MHz, 8001 MHz, 82 %, 49.40 W, P0, 64
2535 MHz, 3105 MHz, 8001 MHz, 83 %, 49.03 W, P0, 64
2535 MHz, 3105 MHz, 8001 MHz, 74 %, 48.60 W, P0, 64
