versao,raio,prof,natoms,np,segundos,status,rfactor_a,rfactor_b,pico_mem_MB,carga_inicial,data
original,8,12,135,1,34.0,OK,0.6836,0.8648,97,0.16,2026-10-09_00:52:56
original,8,12,135,2,19.8,OK,0.6836,0.8648,141,0.59,2026-10-09_00:53:16
original,8,12,135,3,14.7,OK,0.6836,0.8648,141,0.90,2026-10-09_00:53:31
original,8,12,135,4,12.3,OK,0.6836,0.8648,141,1.30,2026-10-09_00:53:43
original,8,12,135,5,14.6,OK,0.6836,0.8648,141,1.90,2026-10-09_00:53:58
original,8,12,135,6,14.1,OK,0.6836,0.8648,141,2.58,2026-10-09_00:54:12
original,8,12,135,7,13.2,OK,0.6836,0.8648,141,3.42,2026-10-09_00:54:25
original,8,12,135,8,16.0,OK,0.6836,0.8648,141,3.97,2026-10-09_00:54:41
original,8,12,135,9,13.0,OK,0.6836,0.8648,141,4.29,2026-10-09_00:54:54
original,8,12,135,10,16.1,OK,0.6836,0.8648,141,5.02,2026-10-09_00:55:10
original,8,12,135,11,16.0,OK,0.6836,0.8648,141,6.12,2026-10-09_00:55:26
original,8,12,135,12,15.9,OK,0.6836,0.8648,141,6.97,2026-10-09_00:55:42
original,10,15,253,1,139.2,OK,0.6725,0.8675,413,8.24,2026-10-09_00:58:03
original,10,15,253,2,87.0,OK,0.6725,0.8675,630,1.74,2026-10-09_00:59:30
original,10,15,253,3,72.5,OK,0.6725,0.8675,630,2.01,2026-10-09_01:00:42
original,10,15,253,4,59.8,OK,0.6725,0.8675,630,2.75,2026-10-09_01:01:42
original,10,15,253,5,65.3,OK,0.6725,0.8675,632,3.60,2026-10-09_01:02:48
original,10,15,253,6,63.9,OK,0.6725,0.8675,630,4.53,2026-10-09_01:03:52
original,10,15,253,7,62.7,OK,0.6725,0.8675,630,5.58,2026-10-09_01:04:54
original,10,15,253,8,87.1,OK,0.6725,0.8675,630,6.54,2026-10-09_01:06:21
original,10,15,253,9,85.7,OK,0.6725,0.8675,630,7.68,2026-10-09_01:07:47
original,10,15,253,10,71.1,OK,0.6725,0.8675,630,8.72,2026-10-09_01:08:58
original,10,15,253,11,65.1,OK,0.6725,0.8675,632,9.66,2026-10-09_01:10:03
original,10,15,253,12,65.3,OK,0.6725,0.8675,630,10.55,2026-10-09_01:11:09
original,12,18,424,1,580.2,OK,0.6664,0.8628,1671,11.61,2026-10-09_01:20:50
original,12,18,424,2,445.6,OK,0.6664,0.8628,2647,1.10,2026-10-09_01:28:16
original,12,18,424,3,405.3,OK,0.6664,0.8628,2645,2.14,2026-10-09_01:35:01
original,12,18,424,4,382.7,OK,0.6664,0.8628,2645,3.11,2026-10-09_01:41:24
original,12,18,424,5,384.3,OK,0.6664,0.8628,2647,4.20,2026-10-09_01:47:48
original,12,18,424,6,,PULADO_MEMORIA_11465MB_de_11740MB,,,,,2026-10-09_01:47:48
original,12,18,424,7,,PULADO_MEMORIA_13326MB_de_11739MB,,,,,2026-10-09_01:47:48
original,12,18,424,8,,PULADO_MEMORIA_15187MB_de_11739MB,,,,,2026-10-09_01:47:48
original,12,18,424,9,,PULADO_MEMORIA_17048MB_de_11739MB,,,,,2026-10-09_01:47:48
original,12,18,424,10,,PULADO_MEMORIA_18909MB_de_11739MB,,,,,2026-10-09_01:47:48
original,12,18,424,11,,PULADO_MEMORIA_20770MB_de_11739MB,,,,,2026-10-09_01:47:48
original,12,18,424,12,,PULADO_MEMORIA_22631MB_de_11739MB,,,,,2026-10-09_01:47:48
original,14,21,643,1,2793.6,OK,0.6707,0.8640,6464,5.08,2026-10-09_02:34:24
original,14,21,643,2,,PULADO_MEMORIA_13280MB_de_11841MB,,,,,2026-10-09_02:34:24
original,14,21,643,3,,PULADO_MEMORIA_19771MB_de_11853MB,,,,,2026-10-09_02:34:24
original,14,21,643,4,,PULADO_MEMORIA_26261MB_de_11853MB,,,,,2026-10-09_02:34:24
original,14,21,643,5,,PULADO_MEMORIA_32752MB_de_11853MB,,,,,2026-10-09_02:34:24
original,14,21,643,6,,PULADO_MEMORIA_39242MB_de_11853MB,,,,,2026-10-09_02:34:24
original,14,21,643,7,,PULADO_MEMORIA_45732MB_de_11852MB,,,,,2026-10-09_02:34:24
original,14,21,643,8,,PULADO_MEMORIA_52223MB_de_11852MB,,,,,2026-10-09_02:34:24
original,14,21,643,9,,PULADO_MEMORIA_58713MB_de_11852MB,,,,,2026-10-09_02:34:24
original,14,21,643,10,,PULADO_MEMORIA_65204MB_de_11852MB,,,,,2026-10-09_02:34:24
original,14,21,643,11,,PULADO_MEMORIA_71694MB_de_11852MB,,,,,2026-10-09_02:34:24
original,14,21,643,12,,PULADO_MEMORIA_78185MB_de_11851MB,,,,,2026-10-09_02:34:24
original,16,24,932,1,,PULADO_MEMORIA_12652MB_de_11848MB,,,,,2026-10-09_02:34:25
original,16,24,932,2,,PULADO_MEMORIA_39829MB_de_11848MB,,,,,2026-10-09_02:34:25
original,16,24,932,3,,PULADO_MEMORIA_59593MB_de_11847MB,,,,,2026-10-09_02:34:25
original,16,24,932,4,,PULADO_MEMORIA_79358MB_de_11847MB,,,,,2026-10-09_02:34:25
original,16,24,932,5,,PULADO_MEMORIA_99122MB_de_11846MB,,,,,2026-10-09_02:34:25
original,16,24,932,6,,PULADO_MEMORIA_118887MB_de_11846MB,,,,,2026-10-09_02:34:25
original,16,24,932,7,,PULADO_MEMORIA_138652MB_de_11846MB,,,,,2026-10-09_02:34:25
original,16,24,932,8,,PULADO_MEMORIA_158416MB_de_11845MB,,,,,2026-10-09_02:34:25
original,16,24,932,9,,PULADO_MEMORIA_178181MB_de_11845MB,,,,,2026-10-09_02:34:25
original,16,24,932,10,,PULADO_MEMORIA_197945MB_de_11845MB,,,,,2026-10-09_02:34:25
original,16,24,932,11,,PULADO_MEMORIA_217710MB_de_11845MB,,,,,2026-10-09_02:34:25
original,16,24,932,12,,PULADO_MEMORIA_237475MB_de_11845MB,,,,,2026-10-09_02:34:25
original,17,26,1112,1,,PULADO_MEMORIA_21281MB_de_11838MB,,,,,2026-10-09_02:34:27
original,17,26,1112,2,,PULADO_MEMORIA_67440MB_de_11838MB,,,,,2026-10-09_02:34:27
original,17,26,1112,3,,PULADO_MEMORIA_101010MB_de_11837MB,,,,,2026-10-09_02:34:27
original,17,26,1112,4,,PULADO_MEMORIA_134580MB_de_11837MB,,,,,2026-10-09_02:34:27
original,17,26,1112,5,,PULADO_MEMORIA_168151MB_de_11837MB,,,,,2026-10-09_02:34:27
original,17,26,1112,6,,PULADO_MEMORIA_201721MB_de_11837MB,,,,,2026-10-09_02:34:27
original,17,26,1112,7,,PULADO_MEMORIA_235291MB_de_11837MB,,,,,2026-10-09_02:34:27
original,17,26,1112,8,,PULADO_MEMORIA_268861MB_de_11837MB,,,,,2026-10-09_02:34:27
original,17,26,1112,9,,PULADO_MEMORIA_302432MB_de_11837MB,,,,,2026-10-09_02:34:27
original,17,26,1112,10,,PULADO_MEMORIA_336002MB_de_11837MB,,,,,2026-10-09_02:34:27
original,17,26,1112,11,,PULADO_MEMORIA_369572MB_de_11837MB,,,,,2026-10-09_02:34:27
original,17,26,1112,12,,PULADO_MEMORIA_403142MB_de_11837MB,,,,,2026-10-09_02:34:27
gpu,8,12,135,1,2.7,OK,0.6836,0.8648,208,0.97,2026-10-09_02:34:31
gpu,8,12,135,2,2.6,OK,0.6836,0.8648,251,0.97,2026-10-09_02:34:34
gpu,8,12,135,3,2.6,OK,0.6836,0.8648,249,0.97,2026-10-09_02:34:36
gpu,8,12,135,4,2.7,OK,0.6836,0.8648,249,0.97,2026-10-09_02:34:39
gpu,8,12,135,5,2.9,OK,0.6836,0.8648,249,0.90,2026-10-09_02:34:42
gpu,8,12,135,6,3.0,OK,0.6836,0.8648,249,0.90,2026-10-09_02:34:45
gpu,8,12,135,7,3.5,OK,0.6836,0.8648,251,1.31,2026-10-09_02:34:49
gpu,8,12,135,8,3.6,OK,0.6836,0.8648,249,1.76,2026-10-09_02:34:52
gpu,8,12,135,9,3.6,OK,0.6836,0.8648,249,1.76,2026-10-09_02:34:56
gpu,8,12,135,10,3.7,OK,0.6836,0.8648,249,2.34,2026-10-09_02:34:59
gpu,8,12,135,11,3.9,OK,0.6836,0.8648,249,2.95,2026-10-09_02:35:03
gpu,8,12,135,12,4.0,OK,0.6836,0.8648,249,3.60,2026-10-09_02:35:08
gpu,10,15,253,1,3.5,OK,0.6725,0.8675,362,3.95,2026-10-09_02:35:13
gpu,10,15,253,2,3.6,OK,0.6725,0.8675,646,4.60,2026-10-09_02:35:16
gpu,10,15,253,3,3.8,OK,0.6725,0.8675,646,4.60,2026-10-09_02:35:20
gpu,10,15,253,4,3.9,OK,0.6725,0.8675,646,4.23,2026-10-09_02:35:24
gpu,10,15,253,5,4.3,OK,0.6725,0.8675,646,5.17,2026-10-09_02:35:28
gpu,10,15,253,6,4.6,OK,0.6725,0.8675,646,5.40,2026-10-09_02:35:33
gpu,10,15,253,7,5.1,OK,0.6725,0.8675,646,5.61,2026-10-09_02:35:38
gpu,10,15,253,8,5.2,OK,0.6725,0.8675,646,5.72,2026-10-09_02:35:43
gpu,10,15,253,9,5.5,OK,0.6725,0.8675,646,5.90,2026-10-09_02:35:49
gpu,10,15,253,10,6.2,OK,0.6725,0.8675,647,6.15,2026-10-09_02:35:55
gpu,10,15,253,11,6.1,OK,0.6725,0.8675,647,6.46,2026-10-09_02:36:01
gpu,10,15,253,12,6.6,OK,0.6725,0.8675,646,7.70,2026-10-09_02:36:08
gpu,12,18,424,1,5.3,OK,0.6664,0.8628,857,7.48,2026-10-09_02:36:14
gpu,12,18,424,2,6.2,OK,0.6664,0.8628,2645,7.84,2026-10-09_02:36:21
gpu,12,18,424,3,6.9,OK,0.6664,0.8628,2645,7.37,2026-10-09_02:36:28
gpu,12,18,424,4,7.3,OK,0.6664,0.8628,2645,6.70,2026-10-09_02:36:35
gpu,12,18,424,5,8.8,OK,0.6664,0.8628,2645,6.48,2026-10-09_02:36:44
gpu,12,18,424,6,,PULADO_MEMORIA_11465MB_de_11393MB,,,,,2026-10-09_02:36:44
gpu,12,18,424,7,,PULADO_MEMORIA_13326MB_de_11393MB,,,,,2026-10-09_02:36:44
gpu,12,18,424,8,,PULADO_MEMORIA_15187MB_de_11392MB,,,,,2026-10-09_02:36:44
gpu,12,18,424,9,,PULADO_MEMORIA_17048MB_de_11392MB,,,,,2026-10-09_02:36:44
gpu,12,18,424,10,,PULADO_MEMORIA_18909MB_de_11391MB,,,,,2026-10-09_02:36:44
gpu,12,18,424,11,,PULADO_MEMORIA_20770MB_de_11391MB,,,,,2026-10-09_02:36:44
gpu,12,18,424,12,,PULADO_MEMORIA_22631MB_de_11391MB,,,,,2026-10-09_02:36:44
gpu,14,21,643,1,8.4,OK,0.6707,0.8640,1984,6.50,2026-10-09_02:36:54
gpu,14,21,643,2,,PULADO_MEMORIA_13280MB_de_11425MB,,,,,2026-10-09_02:36:54
gpu,14,21,643,3,,PULADO_MEMORIA_19771MB_de_11425MB,,,,,2026-10-09_02:36:54
gpu,14,21,643,4,,PULADO_MEMORIA_26261MB_de_11424MB,,,,,2026-10-09_02:36:54
gpu,14,21,643,5,,PULADO_MEMORIA_32752MB_de_11424MB,,,,,2026-10-09_02:36:54
gpu,14,21,643,6,,PULADO_MEMORIA_39242MB_de_11424MB,,,,,2026-10-09_02:36:54
gpu,14,21,643,7,,PULADO_MEMORIA_45732MB_de_11425MB,,,,,2026-10-09_02:36:54
gpu,14,21,643,8,,PULADO_MEMORIA_52223MB_de_11424MB,,,,,2026-10-09_02:36:54
gpu,14,21,643,9,,PULADO_MEMORIA_58713MB_de_11424MB,,,,,2026-10-09_02:36:54
gpu,14,21,643,10,,PULADO_MEMORIA_65204MB_de_11424MB,,,,,2026-10-09_02:36:54
gpu,14,21,643,11,,PULADO_MEMORIA_71694MB_de_11424MB,,,,,2026-10-09_02:36:54
gpu,14,21,643,12,,PULADO_MEMORIA_78185MB_de_11424MB,,,,,2026-10-09_02:36:54
gpu,16,24,932,1,14.3,OK,0.6834,0.8689,4512,6.46,2026-10-09_02:37:10
gpu,16,24,932,2,,PULADO_MEMORIA_39829MB_de_11483MB,,,,,2026-10-09_02:37:10
gpu,16,24,932,3,,PULADO_MEMORIA_59593MB_de_11501MB,,,,,2026-10-09_02:37:10
gpu,16,24,932,4,,PULADO_MEMORIA_79358MB_de_11501MB,,,,,2026-10-09_02:37:10
gpu,16,24,932,5,,PULADO_MEMORIA_99122MB_de_11501MB,,,,,2026-10-09_02:37:10
gpu,16,24,932,6,,PULADO_MEMORIA_118887MB_de_11501MB,,,,,2026-10-09_02:37:10
gpu,16,24,932,7,,PULADO_MEMORIA_138652MB_de_11501MB,,,,,2026-10-09_02:37:10
gpu,16,24,932,8,,PULADO_MEMORIA_158416MB_de_11501MB,,,,,2026-10-09_02:37:10
gpu,16,24,932,9,,PULADO_MEMORIA_178181MB_de_11501MB,,,,,2026-10-09_02:37:10
gpu,16,24,932,10,,PULADO_MEMORIA_197945MB_de_11501MB,,,,,2026-10-09_02:37:10
gpu,16,24,932,11,,PULADO_MEMORIA_217710MB_de_11501MB,,,,,2026-10-09_02:37:10
gpu,16,24,932,12,,PULADO_MEMORIA_237475MB_de_11500MB,,,,,2026-10-09_02:37:10
gpu,17,26,1112,1,,PULADO_MEMORIA_13413MB_de_11489MB,,,,,2026-10-09_02:37:11
gpu,17,26,1112,2,,PULADO_MEMORIA_67440MB_de_11489MB,,,,,2026-10-09_02:37:11
gpu,17,26,1112,3,,PULADO_MEMORIA_101010MB_de_11489MB,,,,,2026-10-09_02:37:11
gpu,17,26,1112,4,,PULADO_MEMORIA_134580MB_de_11488MB,,,,,2026-10-09_02:37:11
gpu,17,26,1112,5,,PULADO_MEMORIA_168151MB_de_11488MB,,,,,2026-10-09_02:37:11
gpu,17,26,1112,6,,PULADO_MEMORIA_201721MB_de_11488MB,,,,,2026-10-09_02:37:11
gpu,17,26,1112,7,,PULADO_MEMORIA_235291MB_de_11488MB,,,,,2026-10-09_02:37:11
gpu,17,26,1112,8,,PULADO_MEMORIA_268861MB_de_11488MB,,,,,2026-10-09_02:37:11
gpu,17,26,1112,9,,PULADO_MEMORIA_302432MB_de_11488MB,,,,,2026-10-09_02:37:11
gpu,17,26,1112,10,,PULADO_MEMORIA_336002MB_de_11488MB,,,,,2026-10-09_02:37:11
gpu,17,26,1112,11,,PULADO_MEMORIA_369572MB_de_11488MB,,,,,2026-10-09_02:37:11
gpu,17,26,1112,12,,PULADO_MEMORIA_403142MB_de_11488MB,,,,,2026-10-09_02:37:11
